


INSERT INTO library_branch
	(BranchName, Address)
	VALUES
	('Central', '2020 Hindsight Circle'),
	('Sharpstown', '1234 Sequence Lane'),
	('Bilford', '1812 Overture Ave'),
	('Marion', '1969 Armstrong Way')
;


INSERT INTO Publisher
	(PublisherName, Address, Phone)
	VALUES
	('Thriller & Co', '4242 24th Ave, Copy City, NY', '234-567-9876'),
	('Megamonical Books', '999 1st St, Copy City, NY', '800-867-5309'),
	('Lost Historic', '2533 Gregorian Way, Copywood, CA', '436-555-4444'),
	('Max Fantasy', '3791 One Ring Circle, Copyshire, England', '44-4321-567890')
;


INSERT INTO Borrower
	(Name, Address, Phone)
	VALUES
	('Benson', '4240 Ergson Lane', '206-787-8291'),
	('Carsons', '314 40th St', '503-663-7535'),
	('Griggs', '2888 East Farnsworth St', '208-552-4452'),
	('Hansen', '2436 Barcode Ave', '901-809-7627'),
	('Lowery', '6702 Billings Road', '403-552-8804'),
	('Nelson', '431 16th Ave', '206-787-4396'),
	('Pratt', '5223 Renning Way', '405-221-9823'),
	('Robertson', '1717 Market Drive', '323-232-3223')
;


INSERT INTO Books
	(Title, PublisherName)
	VALUES
	('The Green Mile', 'Thriller & Co'),
	('The Shawshank Redemption', 'Thriller & Co'),
	('The Lost Tribe', 'Thriller & Co'),
	('The Time of Tremor and Trial', 'Megamonical Books'),
	('Requisite Fate', 'Megamonical Books'),
	('Without Them: A Biography', 'Megamonical Books'),
	('Finale', 'Megamonical Books'),
	('Finale 2: The Beginning', 'Megamonical Books'),
	('Finale3: The Middle', 'Megamonical Books'),
	('A History of the Crusades', 'Lost Historic'),
	('Portrait of Churchill', 'Lost Historic'),
	('Modern: The Tech Revolution', 'Lost Historic'),
	('Who Was Columbus?', 'Lost Historic'),
	('Firefight Trenches: WWI', 'Lost Historic'),
	('The Hobbit', 'Max Fantasy'),
	('The Fellowship of the Ring', 'Max Fantasy'),
	('The Two Towers', 'Max Fantasy'),
	('The Return of the King', 'Max Fantasy'),
	('Name of the Wind', 'Max Fantasy'),
	('The Eye of the World', 'Max Fantasy')
;


INSERT INTO Book_Authors
	(BookID, AuthorName)
	VALUES
	(1000, 'Stephen King'),
	(1001, 'Stephen King'),
	(1002, 'Michael Cruiser'),
	(1003, 'Bill Steinman'),
	(1004, 'Bill Steinman'),
	(1005, 'Frederick Miranne'),
	(1006, 'Eran Forsall'),
	(1007, 'Eran Forsall'),
	(1008, 'Eran Forsall'),
	(1009, 'Sarah Jameson'),
	(1010, 'Craig Walls'),
	(1011, 'Craig Walls'),
	(1012, 'Craig Walls'),
	(1013, 'Jessica Velasquez'),
	(1014, 'J.R.R. Tolkien'),
	(1015, 'J.R.R. Tolkien'),
	(1016, 'J.R.R. Tolkien'),
	(1017, 'J.R.R. Tolkien'),
	(1018, 'Patrick Rothfuss'),
	(1019, 'Robert Jordan')
;


INSERT INTO Book_Copies
	(BookID, BranchID, Number_of_Copies)
	VALUES
	(1000, 1, 4),
	(1000, 2, 4),
	(1000, 3, 4),
	(1000, 4, 4),
	(1001, 1, 4),
	(1001, 2, 4),
	(1001, 3, 4),
	(1001, 4, 4),
	(1002, 1, 4),
	(1002, 2, 4),
	(1002, 3, 4),
	(1002, 4, 4),
	(1003, 1, 4),
	(1003, 2, 4),
	(1003, 3, 4),
	(1003, 4, 4),
	(1004, 1, 4),
	(1004, 2, 4),
	(1004, 3, 4),
	(1004, 4, 4),
	(1005, 1, 4),
	(1005, 2, 4),
	(1005, 3, 4),
	(1005, 4, 4),
	(1006, 1, 4),
	(1006, 2, 4),
	(1006, 3, 4),
	(1006, 4, 4),
	(1007, 1, 4),
	(1007, 2, 4),
	(1007, 3, 4),
	(1007, 4, 4),
	(1008, 1, 4),
	(1008, 2, 4),
	(1008, 3, 4),
	(1008, 4, 4),
	(1009, 1, 4),
	(1009, 2, 4),
	(1009, 3, 4),
	(1009, 4, 4),
	(1010, 1, 4),
	(1010, 2, 4),
	(1010, 3, 4),
	(1010, 4, 4),
	(1011, 1, 4),
	(1011, 2, 4),
	(1011, 3, 4),
	(1011, 4, 4),
	(1012, 1, 4),
	(1012, 2, 4),
	(1012, 3, 4),
	(1012, 4, 4),
	(1013, 1, 4),
	(1013, 2, 4),
	(1013, 3, 4),
	(1013, 4, 4),
	(1014, 1, 4),
	(1014, 2, 4),
	(1014, 3, 4),
	(1014, 4, 4),
	(1015, 1, 4),
	(1015, 2, 4),
	(1015, 3, 4),
	(1015, 4, 4),
	(1016, 1, 4),
	(1016, 2, 4),
	(1016, 3, 4),
	(1016, 4, 4),
	(1017, 1, 4),
	(1017, 2, 4),
	(1017, 3, 4),
	(1017, 4, 4),
	(1018, 1, 4),
	(1018, 2, 4),
	(1018, 3, 4),
	(1018, 4, 4),
	(1019, 1, 4),
	(1019, 2, 4),
	(1019, 3, 4),
	(1019, 4, 4)
;


INSERT INTO Book_Loans
	(BookID, BranchID, CardNo, DateOut, DateDue)
	VALUES
	(1000, 1, 100, '2018-10-08', '2018-11-08'),
	(1001, 1, 100, '2018-10-08', '2018-11-08'),
	(1014, 1, 100, '2018-10-12', '2018-11-12'),
	(1015, 1, 100, '2018-10-12', '2018-11-12'),
	(1016, 1, 100, '2018-10-12', '2018-11-12'),
	(1017, 1, 100, '2018-10-12', '2018-11-12'),
	(1018, 1, 100, '2018-10-28', '2018-11-28'),
	(1019, 1, 100, '2018-11-02', '2018-12-02'),
	(1003, 4, 102, '2018-10-10', '2018-11-10'),
	(1004, 4, 102, '2018-10-10', '2018-11-10'),
	(1009, 4, 102, '2018-10-10', '2018-11-10'),
	(1013, 4, 102, '2018-10-10', '2018-11-10'),
	(1003, 2, 103, '2018-10-07', '2018-11-07'),
	(1004, 2, 103, '2018-10-06', '2018-11-06'),
	(1018, 2, 103, '2018-10-14', '2018-11-14'),
	(1019, 2, 103, '2018-10-14', '2018-11-14'),
	(1010, 2, 103, '2018-10-18', '2018-11-18'),
	(1011, 2, 103, '2018-10-18', '2018-11-18'),
	(1012, 2, 103, '2018-10-18', '2018-11-18'),
	(1015, 2, 103, '2018-10-20', '2018-11-20'),
	(1016, 2, 103, '2018-10-20', '2018-11-20'),
	(1017, 2, 103, '2018-10-20', '2018-11-20'),
	(1014, 3, 104, '2018-10-29', '2018-11-29'),
	(1015, 3, 104, '2018-10-29', '2018-11-29'),
	(1016, 3, 104, '2018-10-29', '2018-11-29'),
	(1017, 3, 104, '2018-10-29', '2018-11-29'),
	(1018, 3, 104, '2018-10-29', '2018-11-29'),
	(1019, 3, 104, '2018-10-29', '2018-11-29'),
	(1002, 2, 105, '2018-10-15', '2018-11-15'),
	(1005, 2, 105, '2018-10-15', '2018-11-15'),
	(1006, 2, 105, '2018-10-15', '2018-11-15'),
	(1007, 2, 105, '2018-10-21', '2018-11-21'),
	(1008, 2, 105, '2018-10-21', '2018-11-21'),
	(1009, 2, 105, '2018-10-10', '2018-11-10'),
	(1018, 4, 106, '2018-10-07', '2018-11-07'),
	(1019, 4, 106, '2018-11-02', '2018-12-02'),
	(1013, 4, 106, '2018-10-30', '2018-11-30'),
	(1005, 4, 106, '2018-10-09', '2018-11-09'),
	(1006, 4, 106, '2018-10-09', '2018-11-09'),
	(1007, 4, 106, '2018-10-10', '2018-11-10'),
	(1008, 4, 106, '2018-10-10', '2018-11-10'),
	(1000, 1, 107, '2018-10-07', '2018-11-07'),
	(1001, 1, 107, '2018-10-07', '2018-11-07'),
	(1002, 1, 107, '2018-10-11', '2018-11-11'),
	(1004, 1, 107, '2018-10-15', '2018-11-15'),
	(1005, 1, 107, '2018-10-22', '2018-11-22'),
	(1006, 1, 107, '2018-10-24', '2018-11-24'),
	(1008, 1, 107, '2018-10-29', '2018-11-07'),
	(1009, 1, 107, '2018-10-29', '2018-11-29'),
	(1014, 1, 107, '2018-11-03', '2018-12-03')
;